transaction_id,amount,transaction_date,merchant,card_type
TX0001,9037.042365024483,2025-01-01 00:00:00,Merchant_A,AmEx
TX0002,2335.303839541875,2025-01-01 01:00:00,Merchant_A,MasterCard
TX0003,8075.886343096114,2025-01-01 02:00:00,Merchant_A,MasterCard
TX0004,600.3479618817502,2025-01-01 03:00:00,Merchant_C,MasterCard
TX0005,8989.48540792067,2025-01-01 04:00:00,Merchant_B,MasterCard
TX0006,6511.177790111886,2025-01-01 05:00:00,Merchant_D,Visa
TX0007,8743.524974142132,2025-01-01 06:00:00,Merchant_D,Visa
TX0008,11.882111570253155,2025-01-01 07:00:00,Merchant_A,AmEx
TX0009,1699.1198928563651,2025-01-01 08:00:00,Merchant_A,MasterCard
TX0010,3903.696280390656,2025-01-01 09:00:00,Merchant_C,Visa
TX0011,3801.234004713439,2025-01-01 10:00:00,Merchant_B,Visa
TX0012,2275.0365254058715,2025-01-01 11:00:00,Merchant_D,AmEx
TX0013,3822.303279273329,2025-01-01 12:00:00,Merchant_C,AmEx
TX0014,1297.1986328825458,2025-01-01 13:00:00,Merchant_D,AmEx
TX0015,4133.4836813676,2025-01-01 14:00:00,Merchant_A,Visa
TX0016,8025.519748301049,2025-01-01 15:00:00,Merchant_D,Visa
TX0017,4795.9099304024785,2025-01-01 16:00:00,Merchant_B,AmEx
TX0018,189.82088856269772,2025-01-01 17:00:00,Merchant_B,MasterCard
TX0019,4220.225975376682,2025-01-01 18:00:00,Merchant_A,AmEx
TX0020,281.4784107475332,2025-01-01 19:00:00,Merchant_B,AmEx
TX0021,9662.771672960915,2025-01-01 20:00:00,Merchant_B,AmEx
TX0022,1283.265054634461,2025-01-01 21:00:00,Merchant_C,AmEx
TX0023,7079.806380042881,2025-01-01 22:00:00,Merchant_D,Visa
TX0024,9728.035465691937,2025-01-01 23:00:00,Merchant_A,MasterCard
TX0025,8262.130126149053,2025-01-02 00:00:00,Merchant_A,AmEx
TX0026,6996.160597510775,2025-01-02 01:00:00,Merchant_A,MasterCard
TX0027,8396.214485912662,2025-01-02 02:00:00,Merchant_A,MasterCard
TX0028,9818.16894567367,2025-01-02 03:00:00,Merchant_A,MasterCard
TX0029,6217.231527562761,2025-01-02 04:00:00,Merchant_B,AmEx
TX0030,5596.256220224972,2025-01-02 05:00:00,Merchant_C,Visa
TX0031,6286.098723528181,2025-01-02 06:00:00,Merchant_A,AmEx
TX0032,5331.432108747934,2025-01-02 07:00:00,Merchant_C,MasterCard
TX0033,6354.540168038091,2025-01-02 08:00:00,Merchant_C,MasterCard
TX0034,4503.923657645867,2025-01-02 09:00:00,Merchant_B,Visa
TX0035,2192.247397004238,2025-01-02 10:00:00,Merchant_A,AmEx
TX0036,1211.2697928516395,2025-01-02 11:00:00,Merchant_B,MasterCard
TX0037,692.7259459672813,2025-01-02 12:00:00,Merchant_A,Visa
TX0038,2640.524679694469,2025-01-02 13:00:00,Merchant_B,MasterCard
TX0039,470.774407713981,2025-01-02 14:00:00,Merchant_C,Visa
TX0040,5676.0360913946615,2025-01-02 15:00:00,Merchant_A,Visa
TX0041,2845.4461857649676,2025-01-02 16:00:00,Merchant_D,AmEx
TX0042,8247.102732789452,2025-01-02 17:00:00,Merchant_C,MasterCard
TX0043,751.6663211539806,2025-01-02 18:00:00,Merchant_D,AmEx
TX0044,2271.2514284714443,2025-01-02 19:00:00,Merchant_C,MasterCard
TX0045,7305.1590094305575,2025-01-02 20:00:00,Merchant_B,AmEx
TX0046,5992.094880871079,2025-01-02 21:00:00,Merchant_A,MasterCard
TX0047,654.2677997791837,2025-01-02 22:00:00,Merchant_C,AmEx
TX0048,8773.622177050382,2025-01-02 23:00:00,Merchant_B,Visa
TX0049,8773.845010633533,2025-01-03 00:00:00,Merchant_A,MasterCard
TX0050,3310.7759587189807,2025-01-03 01:00:00,Merchant_A,MasterCard
TX0051,3410.6543750621513,2025-01-03 02:00:00,Merchant_C,Visa
TX0052,9890.393299918238,2025-01-03 03:00:00,Merchant_A,AmEx
TX0053,6265.499954215451,2025-01-03 04:00:00,Merchant_C,MasterCard
TX0054,5317.852040474911,2025-01-03 05:00:00,Merchant_A,MasterCard
TX0055,8383.140313683725,2025-01-03 06:00:00,Merchant_D,AmEx
TX0056,2860.0504801895913,2025-01-03 07:00:00,Merchant_B,Visa
TX0057,4297.534108029606,2025-01-03 08:00:00,Merchant_D,AmEx
TX0058,2685.0889881284584,2025-01-03 09:00:00,Merchant_C,AmEx
TX0059,7893.7168574214265,2025-01-03 10:00:00,Merchant_D,AmEx
TX0060,5737.759962895828,2025-01-03 11:00:00,Merchant_C,MasterCard
TX0061,6591.662450699305,2025-01-03 12:00:00,Merchant_A,Visa
TX0062,2530.5494258956714,2025-01-03 13:00:00,Merchant_A,Visa
TX0063,2210.050760759378,2025-01-03 14:00:00,Merchant_C,AmEx
TX0064,4888.862543539558,2025-01-03 15:00:00,Merchant_D,MasterCard
TX0065,7378.28183343734,2025-01-03 16:00:00,Merchant_A,AmEx
TX0066,5257.1451776264,2025-01-03 17:00:00,Merchant_B,MasterCard
TX0067,336.13031868122937,2025-01-03 18:00:00,Merchant_A,MasterCard
TX0068,8686.829548139685,2025-01-03 19:00:00,Merchant_B,MasterCard
TX0069,656.2220662161644,2025-01-03 20:00:00,Merchant_D,MasterCard
TX0070,9558.686592370315,2025-01-03 21:00:00,Merchant_B,Visa
TX0071,261.1681631899545,2025-01-03 22:00:00,Merchant_B,MasterCard
TX0072,6947.5600567457805,2025-01-03 23:00:00,Merchant_B,MasterCard
TX0073,831.2485664806987,2025-01-04 00:00:00,Merchant_B,AmEx
TX0074,9107.659028557044,2025-01-04 01:00:00,Merchant_A,AmEx
TX0075,4649.688029893172,2025-01-04 02:00:00,Merchant_B,Visa
TX0076,1383.8625104219836,2025-01-04 03:00:00,Merchant_A,AmEx
TX0077,3414.7488409005678,2025-01-04 04:00:00,Merchant_B,MasterCard
TX0078,1656.5985067141528,2025-01-04 05:00:00,Merchant_C,AmEx
TX0079,1714.1132964553292,2025-01-04 06:00:00,Merchant_D,Visa
TX0080,9481.602118512708,2025-01-04 07:00:00,Merchant_B,AmEx
TX0081,4458.008661725034,2025-01-04 08:00:00,Merchant_C,AmEx
TX0082,7890.1346164145425,2025-01-04 09:00:00,Merchant_B,Visa
TX0083,6399.659556165042,2025-01-04 10:00:00,Merchant_B,Visa
TX0084,6767.499359760539,2025-01-04 11:00:00,Merchant_B,MasterCard
TX0085,1325.6174503356647,2025-01-04 12:00:00,Merchant_C,AmEx
TX0086,2349.502623686702,2025-01-04 13:00:00,Merchant_D,MasterCard
TX0087,7869.635848192825,2025-01-04 14:00:00,Merchant_C,AmEx
TX0088,9707.95440268308,2025-01-04 15:00:00,Merchant_D,AmEx
TX0089,2634.1296695605306,2025-01-04 16:00:00,Merchant_B,MasterCard
TX0090,2722.971959862888,2025-01-04 17:00:00,Merchant_A,AmEx
TX0091,4734.242356780939,2025-01-04 18:00:00,Merchant_B,AmEx
TX0092,9838.564725425824,2025-01-04 19:00:00,Merchant_D,AmEx
TX0093,2696.8998688064457,2025-01-04 20:00:00,Merchant_C,Visa
TX0094,4075.6493772462964,2025-01-04 21:00:00,Merchant_B,MasterCard
TX0095,8915.885356078832,2025-01-04 22:00:00,Merchant_C,Visa
TX0096,39.181115887406456,2025-01-04 23:00:00,Merchant_C,MasterCard
TX0097,407.2619902358098,2025-01-05 00:00:00,Merchant_C,MasterCard
TX0098,6044.67605394148,2025-01-05 01:00:00,Merchant_B,AmEx
TX0099,9074.727845481342,2025-01-05 02:00:00,Merchant_C,MasterCard
TX0100,2396.178037415257,2025-01-05 03:00:00,Merchant_C,Visa
TX0101,4701.721329060283,2025-01-05 04:00:00,Merchant_B,Visa
TX0102,4510.148363561605,2025-01-05 05:00:00,Merchant_C,Visa
TX0103,4734.983747494147,2025-01-05 06:00:00,Merchant_B,MasterCard
TX0104,6228.971760340154,2025-01-05 07:00:00,Merchant_D,Visa
TX0105,4702.74019227693,2025-01-05 08:00:00,Merchant_D,MasterCard
TX0106,4480.206731811354,2025-01-05 09:00:00,Merchant_D,Visa
TX0107,4748.141320108292,2025-01-05 10:00:00,Merchant_C,Visa
TX0108,5912.765738297705,2025-01-05 11:00:00,Merchant_A,MasterCard
TX0109,5374.70480863007,2025-01-05 12:00:00,Merchant_A,Visa
TX0110,8542.818616528539,2025-01-05 13:00:00,Merchant_C,AmEx
TX0111,504.4735664017295,2025-01-05 14:00:00,Merchant_A,MasterCard
TX0112,8334.837544015394,2025-01-05 15:00:00,Merchant_B,MasterCard
TX0113,8440.806879991123,2025-01-05 16:00:00,Merchant_A,MasterCard
TX0114,2856.2311350942987,2025-01-05 17:00:00,Merchant_C,AmEx
TX0115,4633.891030608348,2025-01-05 18:00:00,Merchant_C,MasterCard
TX0116,4390.999500488981,2025-01-05 19:00:00,Merchant_B,Visa
TX0117,2192.9132451977616,2025-01-05 20:00:00,Merchant_D,Visa
TX0118,3974.0005023923013,2025-01-05 21:00:00,Merchant_C,Visa
TX0119,453.43384398683577,2025-01-05 22:00:00,Merchant_B,MasterCard
TX0120,2785.4425070895268,2025-01-05 23:00:00,Merchant_A,Visa
TX0121,8168.654932752674,2025-01-06 00:00:00,Merchant_A,MasterCard
TX0122,2852.7773946113466,2025-01-06 01:00:00,Merchant_B,Visa
TX0123,8183.884620794993,2025-01-06 02:00:00,Merchant_B,AmEx
TX0124,5320.678651398264,2025-01-06 03:00:00,Merchant_C,AmEx
TX0125,8799.828146837988,2025-01-06 04:00:00,Merchant_A,AmEx
TX0126,5752.047747101507,2025-01-06 05:00:00,Merchant_B,AmEx
TX0127,306.3855484167508,2025-01-06 06:00:00,Merchant_A,MasterCard
TX0128,6757.447873395421,2025-01-06 07:00:00,Merchant_B,Visa
TX0129,458.0871445554509,2025-01-06 08:00:00,Merchant_A,AmEx
TX0130,4511.464219641509,2025-01-06 09:00:00,Merchant_D,MasterCard
TX0131,9294.972677786409,2025-01-06 10:00:00,Merchant_C,AmEx
TX0132,1660.3873539851231,2025-01-06 11:00:00,Merchant_A,AmEx
TX0133,3904.8248058860254,2025-01-06 12:00:00,Merchant_D,MasterCard
TX0134,7301.304485396299,2025-01-06 13:00:00,Merchant_A,MasterCard
TX0135,8823.762975387528,2025-01-06 14:00:00,Merchant_A,Visa
TX0136,6712.720617377654,2025-01-06 15:00:00,Merchant_D,Visa
TX0137,2589.1508093697803,2025-01-06 16:00:00,Merchant_A,AmEx
TX0138,6749.332450632999,2025-01-06 17:00:00,Merchant_A,AmEx
TX0139,2974.3091346298593,2025-01-06 18:00:00,Merchant_C,Visa
TX0140,7187.108005889165,2025-01-06 19:00:00,Merchant_D,Visa
TX0141,9540.790944574555,2025-01-06 20:00:00,Merchant_D,MasterCard
TX0142,7216.72057655182,2025-01-06 21:00:00,Merchant_B,Visa
TX0143,8630.176224095,2025-01-06 22:00:00,Merchant_A,Visa
TX0144,31.017393327075297,2025-01-06 23:00:00,Merchant_C,AmEx
TX0145,7178.545526068628,2025-01-07 00:00:00,Merchant_A,Visa
TX0146,8297.579693083851,2025-01-07 01:00:00,Merchant_A,AmEx
TX0147,415.1817880713674,2025-01-07 02:00:00,Merchant_B,Visa
TX0148,8717.261295609424,2025-01-07 03:00:00,Merchant_A,MasterCard
TX0149,2574.375340817358,2025-01-07 04:00:00,Merchant_C,Visa
TX0150,6656.268098760772,2025-01-07 05:00:00,Merchant_C,Visa
TX0151,8005.545241443832,2025-01-07 06:00:00,Merchant_B,Visa
TX0152,6630.0184854629615,2025-01-07 07:00:00,Merchant_A,AmEx
TX0153,931.9250728118398,2025-01-07 08:00:00,Merchant_C,MasterCard
TX0154,5967.251973415079,2025-01-07 09:00:00,Merchant_A,Visa
TX0155,5500.340730654215,2025-01-07 10:00:00,Merchant_A,AmEx
TX0156,9004.209468061972,2025-01-07 11:00:00,Merchant_A,MasterCard
TX0157,4048.3548991456496,2025-01-07 12:00:00,Merchant_B,AmEx
TX0158,3217.600159899631,2025-01-07 13:00:00,Merchant_A,AmEx
TX0159,7501.009136720298,2025-01-07 14:00:00,Merchant_C,MasterCard
TX0160,4132.626507573133,2025-01-07 15:00:00,Merchant_A,Visa
TX0161,6464.500788300579,2025-01-07 16:00:00,Merchant_C,AmEx
TX0162,6468.036400344824,2025-01-07 17:00:00,Merchant_A,AmEx
TX0163,8881.510252957576,2025-01-07 18:00:00,Merchant_C,Visa
TX0164,5990.937099167782,2025-01-07 19:00:00,Merchant_C,Visa
TX0165,5026.514563520249,2025-01-07 20:00:00,Merchant_A,MasterCard
TX0166,1397.3245507012048,2025-01-07 21:00:00,Merchant_A,MasterCard
TX0167,1166.2186907202665,2025-01-07 22:00:00,Merchant_C,MasterCard
TX0168,1551.672437177963,2025-01-07 23:00:00,Merchant_D,Visa
TX0169,1726.7663284576743,2025-01-08 00:00:00,Merchant_B,AmEx
TX0170,6382.392155709703,2025-01-08 01:00:00,Merchant_D,AmEx
TX0171,7412.40269024304,2025-01-08 02:00:00,Merchant_D,MasterCard
TX0172,5304.615314034923,2025-01-08 03:00:00,Merchant_A,Visa
TX0173,8291.887148129455,2025-01-08 04:00:00,Merchant_B,AmEx
TX0174,9912.719635068996,2025-01-08 05:00:00,Merchant_D,MasterCard
TX0175,8201.926164902367,2025-01-08 06:00:00,Merchant_A,AmEx
TX0176,6951.8749130228325,2025-01-08 07:00:00,Merchant_D,AmEx
TX0177,5329.6020673770945,2025-01-08 08:00:00,Merchant_D,Visa
TX0178,4494.042186030335,2025-01-08 09:00:00,Merchant_A,Visa
TX0179,853.079881639978,2025-01-08 10:00:00,Merchant_A,AmEx
TX0180,3999.6937964629624,2025-01-08 11:00:00,Merchant_A,MasterCard
TX0181,9102.245021453522,2025-01-08 12:00:00,Merchant_B,Visa
TX0182,8082.1460727664635,2025-01-08 13:00:00,Merchant_D,AmEx
TX0183,2168.353136466755,2025-01-08 14:00:00,Merchant_A,Visa
TX0184,4671.411769125187,2025-01-08 15:00:00,Merchant_C,Visa
TX0185,8169.06479355986,2025-01-08 16:00:00,Merchant_D,Visa
TX0186,683.17170230737,2025-01-08 17:00:00,Merchant_C,AmEx
TX0187,3880.0519308299063,2025-01-08 18:00:00,Merchant_B,MasterCard
TX0188,8519.893956370737,2025-01-08 19:00:00,Merchant_A,MasterCard
TX0189,4044.939663059536,2025-01-08 20:00:00,Merchant_C,MasterCard
TX0190,785.3703008670942,2025-01-08 21:00:00,Merchant_B,Visa
TX0191,5429.918341637192,2025-01-08 22:00:00,Merchant_A,AmEx
TX0192,8618.80752423377,2025-01-08 23:00:00,Merchant_C,Visa
TX0193,5906.952574102065,2025-01-09 00:00:00,Merchant_C,MasterCard
TX0194,2270.528291060176,2025-01-09 01:00:00,Merchant_B,MasterCard
TX0195,3848.5538051724393,2025-01-09 02:00:00,Merchant_A,AmEx
TX0196,4506.732378207503,2025-01-09 03:00:00,Merchant_A,Visa
TX0197,5796.870874667063,2025-01-09 04:00:00,Merchant_C,MasterCard
TX0198,7595.916747268604,2025-01-09 05:00:00,Merchant_C,AmEx
TX0199,997.7474402299476,2025-01-09 06:00:00,Merchant_C,Visa
TX0200,8897.623809845487,2025-01-09 07:00:00,Merchant_A,Visa
TX0201,132.97393313059516,2025-01-09 08:00:00,Merchant_B,MasterCard
TX0202,3706.82282339581,2025-01-09 09:00:00,Merchant_B,MasterCard
TX0203,283.92889662684996,2025-01-09 10:00:00,Merchant_A,Visa
TX0204,3935.8125111994595,2025-01-09 11:00:00,Merchant_D,Visa
TX0205,5262.867862744504,2025-01-09 12:00:00,Merchant_B,MasterCard
TX0206,5121.6970519493025,2025-01-09 13:00:00,Merchant_C,Visa
TX0207,1664.6271868123708,2025-01-09 14:00:00,Merchant_D,MasterCard
TX0208,6460.947695855167,2025-01-09 15:00:00,Merchant_D,Visa
TX0209,457.33672054163554,2025-01-09 16:00:00,Merchant_B,MasterCard
TX0210,7621.44913312283,2025-01-09 17:00:00,Merchant_D,AmEx
TX0211,9466.977895595526,2025-01-09 18:00:00,Merchant_D,MasterCard
TX0212,3404.2905832396677,2025-01-09 19:00:00,Merchant_B,MasterCard
TX0213,5177.221423326176,2025-01-09 20:00:00,Merchant_B,AmEx
TX0214,3795.313677807556,2025-01-09 21:00:00,Merchant_D,Visa
TX0215,77.03679913755894,2025-01-09 22:00:00,Merchant_C,AmEx
TX0216,3864.8862839222083,2025-01-09 23:00:00,Merchant_A,MasterCard
TX0217,7919.285390020851,2025-01-10 00:00:00,Merchant_D,Visa
TX0218,5963.928533412984,2025-01-10 01:00:00,Merchant_D,AmEx
TX0219,1021.5865470054378,2025-01-10 02:00:00,Merchant_C,Visa
TX0220,8472.923502040912,2025-01-10 03:00:00,Merchant_D,Visa
TX0221,5315.542595403576,2025-01-10 04:00:00,Merchant_D,AmEx
TX0222,8418.816383829315,2025-01-10 05:00:00,Merchant_A,Visa
TX0223,5806.412972662443,2025-01-10 06:00:00,Merchant_A,AmEx
TX0224,5601.28756393102,2025-01-10 07:00:00,Merchant_A,MasterCard
TX0225,1061.5392601181536,2025-01-10 08:00:00,Merchant_B,Visa
TX0226,1681.9237340548932,2025-01-10 09:00:00,Merchant_B,MasterCard
TX0227,9720.532312400945,2025-01-10 10:00:00,Merchant_A,MasterCard
TX0228,2292.58260008016,2025-01-10 11:00:00,Merchant_A,Visa
TX0229,9774.746658723776,2025-01-10 12:00:00,Merchant_B,AmEx
TX0230,5323.807938177391,2025-01-10 13:00:00,Merchant_C,Visa
TX0231,1366.532580168732,2025-01-10 14:00:00,Merchant_D,MasterCard
TX0232,1002.0290055093925,2025-01-10 15:00:00,Merchant_D,MasterCard
TX0233,2096.5520663503426,2025-01-10 16:00:00,Merchant_A,AmEx
TX0234,9257.116926953104,2025-01-10 17:00:00,Merchant_C,Visa
TX0235,4147.360741038986,2025-01-10 18:00:00,Merchant_B,MasterCard
TX0236,3960.3883372492146,2025-01-10 19:00:00,Merchant_A,MasterCard
TX0237,3138.9305480910384,2025-01-10 20:00:00,Merchant_C,MasterCard
TX0238,1479.147887160218,2025-01-10 21:00:00,Merchant_C,AmEx
TX0239,4883.633459952141,2025-01-10 22:00:00,Merchant_C,MasterCard
TX0240,1309.1773472862756,2025-01-10 23:00:00,Merchant_B,MasterCard
TX0241,8356.447561459452,2025-01-11 00:00:00,Merchant_B,Visa
TX0242,3710.265892890312,2025-01-11 01:00:00,Merchant_D,Visa
TX0243,3754.2876421401456,2025-01-11 02:00:00,Merchant_D,MasterCard
TX0244,4745.324220546728,2025-01-11 03:00:00,Merchant_C,MasterCard
TX0245,4446.835854525859,2025-01-11 04:00:00,Merchant_C,Visa
TX0246,9948.631150862622,2025-01-11 05:00:00,Merchant_B,AmEx
TX0247,5458.357400970842,2025-01-11 06:00:00,Merchant_D,AmEx
TX0248,891.1350208608081,2025-01-11 07:00:00,Merchant_C,AmEx
TX0249,6072.70464235353,2025-01-11 08:00:00,Merchant_D,AmEx
TX0250,1524.3270857701007,2025-01-11 09:00:00,Merchant_D,AmEx
TX0251,319.0670708661063,2025-01-11 10:00:00,Merchant_C,AmEx
TX0252,9707.714115235709,2025-01-11 11:00:00,Merchant_B,AmEx
TX0253,7737.653526430293,2025-01-11 12:00:00,Merchant_C,AmEx
TX0254,9801.288834213532,2025-01-11 13:00:00,Merchant_C,Visa
TX0255,4784.005695742202,2025-01-11 14:00:00,Merchant_D,AmEx
TX0256,5327.252736178271,2025-01-11 15:00:00,Merchant_C,AmEx
TX0257,1691.6861896321109,2025-01-11 16:00:00,Merchant_B,AmEx
TX0258,2476.60519240918,2025-01-11 17:00:00,Merchant_C,MasterCard
TX0259,8387.106656879254,2025-01-11 18:00:00,Merchant_B,Visa
TX0260,3568.2946147047655,2025-01-11 19:00:00,Merchant_B,Visa
TX0261,8269.881588226226,2025-01-11 20:00:00,Merchant_D,Visa
TX0262,7093.047105627447,2025-01-11 21:00:00,Merchant_A,AmEx
TX0263,1779.9375434659364,2025-01-11 22:00:00,Merchant_A,AmEx
TX0264,5079.389197536224,2025-01-11 23:00:00,Merchant_D,MasterCard
TX0265,6777.099341971981,2025-01-12 00:00:00,Merchant_C,Visa
TX0266,2358.0217758902127,2025-01-12 01:00:00,Merchant_D,AmEx
TX0267,8308.578220095567,2025-01-12 02:00:00,Merchant_B,Visa
TX0268,5452.828298876416,2025-01-12 03:00:00,Merchant_A,MasterCard
TX0269,1660.768083921606,2025-01-12 04:00:00,Merchant_D,MasterCard
TX0270,5834.014417384378,2025-01-12 05:00:00,Merchant_C,MasterCard
TX0271,9997.140903517582,2025-01-12 06:00:00,Merchant_D,Visa
TX0272,1513.7097017175015,2025-01-12 07:00:00,Merchant_A,AmEx
TX0273,8169.401731894086,2025-01-12 08:00:00,Merchant_D,AmEx
TX0274,2081.016941843704,2025-01-12 09:00:00,Merchant_D,MasterCard
TX0275,7826.0594113062725,2025-01-12 10:00:00,Merchant_A,AmEx
TX0276,7348.433451982918,2025-01-12 11:00:00,Merchant_B,MasterCard
TX0277,3011.8889621483195,2025-01-12 12:00:00,Merchant_B,Visa
TX0278,3264.9729444688537,2025-01-12 13:00:00,Merchant_A,MasterCard
TX0279,7927.288705709562,2025-01-12 14:00:00,Merchant_D,Visa
TX0280,4619.840663754253,2025-01-12 15:00:00,Merchant_A,MasterCard
TX0281,7310.87210683097,2025-01-12 16:00:00,Merchant_B,AmEx
TX0282,1488.3616321846894,2025-01-12 17:00:00,Merchant_C,AmEx
TX0283,8527.05224119652,2025-01-12 18:00:00,Merchant_D,MasterCard
TX0284,7111.738319656368,2025-01-12 19:00:00,Merchant_B,AmEx
TX0285,9070.358660259992,2025-01-12 20:00:00,Merchant_D,AmEx
TX0286,1332.4000665593749,2025-01-12 21:00:00,Merchant_A,AmEx
TX0287,5934.21485860237,2025-01-12 22:00:00,Merchant_C,Visa
TX0288,5995.214644552849,2025-01-12 23:00:00,Merchant_A,AmEx
TX0289,3541.0727980623565,2025-01-13 00:00:00,Merchant_C,Visa
TX0290,4590.079581446886,2025-01-13 01:00:00,Merchant_D,MasterCard
TX0291,389.43581726563616,2025-01-13 02:00:00,Merchant_D,AmEx
TX0292,7461.1417858838495,2025-01-13 03:00:00,Merchant_A,AmEx
TX0293,5497.731569237709,2025-01-13 04:00:00,Merchant_C,AmEx
TX0294,586.8331081730461,2025-01-13 05:00:00,Merchant_C,MasterCard
TX0295,6810.751370675251,2025-01-13 06:00:00,Merchant_D,Visa
TX0296,4673.152951539568,2025-01-13 07:00:00,Merchant_A,Visa
TX0297,354.26798165575,2025-01-13 08:00:00,Merchant_C,AmEx
TX0298,9696.381191212473,2025-01-13 09:00:00,Merchant_D,MasterCard
TX0299,9491.63030946351,2025-01-13 10:00:00,Merchant_B,MasterCard
TX0300,5133.895137310504,2025-01-13 11:00:00,Merchant_A,MasterCard
TX0301,945.7874828520429,2025-01-13 12:00:00,Merchant_B,MasterCard
TX0302,7548.666003769932,2025-01-13 13:00:00,Merchant_A,MasterCard
TX0303,4924.3916900562335,2025-01-13 14:00:00,Merchant_D,Visa
TX0304,3031.450308110905,2025-01-13 15:00:00,Merchant_C,Visa
TX0305,4919.2675935102825,2025-01-13 16:00:00,Merchant_C,Visa
TX0306,5229.21701260059,2025-01-13 17:00:00,Merchant_C,AmEx
TX0307,5631.4898732331685,2025-01-13 18:00:00,Merchant_A,MasterCard
TX0308,4417.8248994167125,2025-01-13 19:00:00,Merchant_D,AmEx
TX0309,6061.495478359177,2025-01-13 20:00:00,Merchant_B,MasterCard
TX0310,9188.15975895771,2025-01-13 21:00:00,Merchant_D,Visa
TX0311,3629.0581901149258,2025-01-13 22:00:00,Merchant_B,AmEx
TX0312,7259.907467567292,2025-01-13 23:00:00,Merchant_A,Visa
TX0313,8945.581042674079,2025-01-14 00:00:00,Merchant_A,MasterCard
TX0314,4565.23296484177,2025-01-14 01:00:00,Merchant_B,MasterCard
TX0315,4440.123805455222,2025-01-14 02:00:00,Merchant_B,MasterCard
TX0316,6025.148683694248,2025-01-14 03:00:00,Merchant_B,Visa
TX0317,5918.153526630656,2025-01-14 04:00:00,Merchant_D,MasterCard
TX0318,8067.827529839507,2025-01-14 05:00:00,Merchant_B,Visa
TX0319,4770.069003945144,2025-01-14 06:00:00,Merchant_A,AmEx
TX0320,9961.268266898018,2025-01-14 07:00:00,Merchant_A,MasterCard
TX0321,604.1209729841349,2025-01-14 08:00:00,Merchant_C,MasterCard
TX0322,41.64680732121036,2025-01-14 09:00:00,Merchant_B,MasterCard
TX0323,6405.581132480642,2025-01-14 10:00:00,Merchant_D,AmEx
TX0324,2991.364774495148,2025-01-14 11:00:00,Merchant_D,MasterCard
TX0325,2411.4200631078434,2025-01-14 12:00:00,Merchant_D,Visa
TX0326,3125.8718092427616,2025-01-14 13:00:00,Merchant_C,Visa
TX0327,2567.9151753984934,2025-01-14 14:00:00,Merchant_A,MasterCard
TX0328,317.592596107874,2025-01-14 15:00:00,Merchant_D,MasterCard
TX0329,9715.615093481982,2025-01-14 16:00:00,Merchant_A,AmEx
TX0330,2215.2474296432897,2025-01-14 17:00:00,Merchant_C,AmEx
TX0331,7342.95732826717,2025-01-14 18:00:00,Merchant_B,AmEx
TX0332,7628.337982994811,2025-01-14 19:00:00,Merchant_B,MasterCard
TX0333,9293.281406092221,2025-01-14 20:00:00,Merchant_B,AmEx
TX0334,315.18907636286593,2025-01-14 21:00:00,Merchant_D,AmEx
TX0335,8721.762901085607,2025-01-14 22:00:00,Merchant_B,Visa
TX0336,5276.989546589604,2025-01-14 23:00:00,Merchant_D,AmEx
TX0337,6329.11565855862,2025-01-15 00:00:00,Merchant_C,Visa
TX0338,6448.258068439126,2025-01-15 01:00:00,Merchant_C,Visa
TX0339,8199.780071797428,2025-01-15 02:00:00,Merchant_D,AmEx
TX0340,3340.739148369514,2025-01-15 03:00:00,Merchant_A,Visa
TX0341,7333.181386701334,2025-01-15 04:00:00,Merchant_B,MasterCard
TX0342,5290.495316124749,2025-01-15 05:00:00,Merchant_B,MasterCard
TX0343,7936.006202910424,2025-01-15 06:00:00,Merchant_B,AmEx
TX0344,9905.554867373632,2025-01-15 07:00:00,Merchant_D,MasterCard
TX0345,2014.5036638635747,2025-01-15 08:00:00,Merchant_C,Visa
TX0346,9946.539929184379,2025-01-15 09:00:00,Merchant_B,MasterCard
TX0347,907.2234212849123,2025-01-15 10:00:00,Merchant_C,AmEx
TX0348,33.15230356909052,2025-01-15 11:00:00,Merchant_B,AmEx
TX0349,451.17774241653433,2025-01-15 12:00:00,Merchant_B,Visa
TX0350,3424.4062233202494,2025-01-15 13:00:00,Merchant_D,AmEx
TX0351,6332.734243477557,2025-01-15 14:00:00,Merchant_A,MasterCard
TX0352,699.6051134696178,2025-01-15 15:00:00,Merchant_D,AmEx
TX0353,66.60148715037703,2025-01-15 16:00:00,Merchant_B,Visa
TX0354,9371.53937430336,2025-01-15 17:00:00,Merchant_B,AmEx
TX0355,8221.047093039897,2025-01-15 18:00:00,Merchant_A,MasterCard
TX0356,8093.73987967892,2025-01-15 19:00:00,Merchant_C,Visa
TX0357,8845.398512264752,2025-01-15 20:00:00,Merchant_C,MasterCard
TX0358,7003.342384993323,2025-01-15 21:00:00,Merchant_B,Visa
TX0359,1052.9972561833335,2025-01-15 22:00:00,Merchant_C,AmEx
TX0360,3997.0108788564935,2025-01-15 23:00:00,Merchant_B,Visa
TX0361,7234.263369781649,2025-01-16 00:00:00,Merchant_A,Visa
TX0362,2810.541263307294,2025-01-16 01:00:00,Merchant_A,AmEx
TX0363,6877.189577721013,2025-01-16 02:00:00,Merchant_B,MasterCard
TX0364,254.73949819384697,2025-01-16 03:00:00,Merchant_A,AmEx
TX0365,3068.3120353871363,2025-01-16 04:00:00,Merchant_D,Visa
TX0366,5495.812059408955,2025-01-16 05:00:00,Merchant_D,AmEx
TX0367,6324.57739676736,2025-01-16 06:00:00,Merchant_A,Visa
TX0368,5774.636237974489,2025-01-16 07:00:00,Merchant_B,AmEx
TX0369,6980.585197973561,2025-01-16 08:00:00,Merchant_B,AmEx
TX0370,70.82659491599232,2025-01-16 09:00:00,Merchant_A,MasterCard
TX0371,1018.4025877754397,2025-01-16 10:00:00,Merchant_C,Visa
TX0372,8690.75308026866,2025-01-16 11:00:00,Merchant_D,MasterCard
TX0373,6820.668954460711,2025-01-16 12:00:00,Merchant_C,Visa
TX0374,1138.1871104332529,2025-01-16 13:00:00,Merchant_B,AmEx
TX0375,8422.323629611807,2025-01-16 14:00:00,Merchant_B,Visa
TX0376,2429.8898660674236,2025-01-16 15:00:00,Merchant_C,MasterCard
TX0377,4787.816243110283,2025-01-16 16:00:00,Merchant_A,MasterCard
TX0378,1460.5131637177562,2025-01-16 17:00:00,Merchant_C,MasterCard
TX0379,7103.99946365285,2025-01-16 18:00:00,Merchant_C,Visa
TX0380,6671.875665932535,2025-01-16 19:00:00,Merchant_D,MasterCard
TX0381,2119.0135869497003,2025-01-16 20:00:00,Merchant_D,MasterCard
TX0382,8635.373660901449,2025-01-16 21:00:00,Merchant_C,MasterCard
TX0383,4019.047181954925,2025-01-16 22:00:00,Merchant_C,AmEx
TX0384,2932.2257597967105,2025-01-16 23:00:00,Merchant_B,AmEx
TX0385,1531.7725987507092,2025-01-17 00:00:00,Merchant_D,Visa
TX0386,2669.018445030219,2025-01-17 01:00:00,Merchant_D,Visa
TX0387,230.0489430259318,2025-01-17 02:00:00,Merchant_B,MasterCard
TX0388,5836.742349636595,2025-01-17 03:00:00,Merchant_A,AmEx
TX0389,8423.885155976039,2025-01-17 04:00:00,Merchant_D,MasterCard
TX0390,5494.314689922002,2025-01-17 05:00:00,Merchant_D,MasterCard
TX0391,2200.546879619518,2025-01-17 06:00:00,Merchant_A,AmEx
TX0392,346.35509035658845,2025-01-17 07:00:00,Merchant_D,AmEx
TX0393,2154.1344518554406,2025-01-17 08:00:00,Merchant_D,AmEx
TX0394,4167.053066430212,2025-01-17 09:00:00,Merchant_A,Visa
TX0395,7598.518172710967,2025-01-17 10:00:00,Merchant_A,Visa
TX0396,1886.5500968523634,2025-01-17 11:00:00,Merchant_C,MasterCard
TX0397,7200.716619013314,2025-01-17 12:00:00,Merchant_B,Visa
TX0398,8670.665348835319,2025-01-17 13:00:00,Merchant_B,AmEx
TX0399,4544.929012602487,2025-01-17 14:00:00,Merchant_A,AmEx
TX0400,8216.105596509507,2025-01-17 15:00:00,Merchant_A,Visa
TX0401,5551.026906870605,2025-01-17 16:00:00,Merchant_D,MasterCard
TX0402,6374.53746243824,2025-01-17 17:00:00,Merchant_C,MasterCard
TX0403,5267.521818778645,2025-01-17 18:00:00,Merchant_C,Visa
TX0404,4637.0954403459045,2025-01-17 19:00:00,Merchant_A,MasterCard
TX0405,2354.187883340735,2025-01-17 20:00:00,Merchant_D,MasterCard
TX0406,3038.90865401585,2025-01-17 21:00:00,Merchant_D,MasterCard
TX0407,2906.801488246654,2025-01-17 22:00:00,Merchant_B,AmEx
TX0408,5637.256420228609,2025-01-17 23:00:00,Merchant_B,AmEx
TX0409,1208.3373933086602,2025-01-18 00:00:00,Merchant_D,Visa
TX0410,9168.748990116328,2025-01-18 01:00:00,Merchant_B,AmEx
TX0411,7209.344901378301,2025-01-18 02:00:00,Merchant_A,MasterCard
TX0412,4020.4418528228043,2025-01-18 03:00:00,Merchant_D,AmEx
TX0413,1594.655203818516,2025-01-18 04:00:00,Merchant_B,Visa
TX0414,8821.101775519142,2025-01-18 05:00:00,Merchant_C,AmEx
TX0415,8239.54312011064,2025-01-18 06:00:00,Merchant_D,MasterCard
TX0416,7219.998311644621,2025-01-18 07:00:00,Merchant_D,MasterCard
TX0417,2722.7550036383113,2025-01-18 08:00:00,Merchant_C,Visa
TX0418,4030.4419079623526,2025-01-18 09:00:00,Merchant_A,AmEx
TX0419,1036.4550419997095,2025-01-18 10:00:00,Merchant_C,AmEx
TX0420,1898.5048520280418,2025-01-18 11:00:00,Merchant_D,AmEx
TX0421,7832.336206794162,2025-01-18 12:00:00,Merchant_A,MasterCard
TX0422,7153.236801318331,2025-01-18 13:00:00,Merchant_B,Visa
TX0423,5938.922772129587,2025-01-18 14:00:00,Merchant_B,AmEx
TX0424,8958.309992002467,2025-01-18 15:00:00,Merchant_B,MasterCard
TX0425,5836.832512952324,2025-01-18 16:00:00,Merchant_D,MasterCard
TX0426,4675.010319636471,2025-01-18 17:00:00,Merchant_C,MasterCard
TX0427,3410.3037555945693,2025-01-18 18:00:00,Merchant_A,AmEx
TX0428,9405.080572304363,2025-01-18 19:00:00,Merchant_B,AmEx
TX0429,836.3274606282914,2025-01-18 20:00:00,Merchant_A,AmEx
TX0430,9309.564846887475,2025-01-18 21:00:00,Merchant_D,AmEx
TX0431,8268.879452710873,2025-01-18 22:00:00,Merchant_B,AmEx
TX0432,1307.9999461116558,2025-01-18 23:00:00,Merchant_D,AmEx
TX0433,5654.193733175784,2025-01-19 00:00:00,Merchant_C,AmEx
TX0434,8666.814337673377,2025-01-19 01:00:00,Merchant_D,AmEx
TX0435,5722.373544435466,2025-01-19 02:00:00,Merchant_D,AmEx
TX0436,9072.926217390617,2025-01-19 03:00:00,Merchant_C,MasterCard
TX0437,9430.408329992264,2025-01-19 04:00:00,Merchant_A,AmEx
TX0438,4229.621376621216,2025-01-19 05:00:00,Merchant_C,Visa
TX0439,3779.363477449173,2025-01-19 06:00:00,Merchant_C,MasterCard
TX0440,9363.848328151877,2025-01-19 07:00:00,Merchant_D,AmEx
TX0441,6754.649210885184,2025-01-19 08:00:00,Merchant_A,Visa
TX0442,1169.0665866682111,2025-01-19 09:00:00,Merchant_B,AmEx
TX0443,432.49457473458517,2025-01-19 10:00:00,Merchant_C,Visa
TX0444,5650.644219462659,2025-01-19 11:00:00,Merchant_A,Visa
TX0445,9302.40794472986,2025-01-19 12:00:00,Merchant_C,Visa
TX0446,8444.044537034126,2025-01-19 13:00:00,Merchant_C,Visa
TX0447,6761.718987178721,2025-01-19 14:00:00,Merchant_C,MasterCard
TX0448,1399.7673304219643,2025-01-19 15:00:00,Merchant_C,MasterCard
TX0449,2549.7715236494687,2025-01-19 16:00:00,Merchant_D,Visa
TX0450,8756.357153260635,2025-01-19 17:00:00,Merchant_A,AmEx
TX0451,1836.2442942024356,2025-01-19 18:00:00,Merchant_A,Visa
TX0452,2791.6096884218414,2025-01-19 19:00:00,Merchant_A,MasterCard
TX0453,1304.710505442465,2025-01-19 20:00:00,Merchant_C,AmEx
TX0454,6764.3212318299675,2025-01-19 21:00:00,Merchant_D,MasterCard
TX0455,9440.383230578464,2025-01-19 22:00:00,Merchant_C,MasterCard
TX0456,2696.9906356379056,2025-01-19 23:00:00,Merchant_C,AmEx
TX0457,4759.312012422236,2025-01-20 00:00:00,Merchant_A,Visa
TX0458,6347.053999714931,2025-01-20 01:00:00,Merchant_C,Visa
TX0459,9994.66781967415,2025-01-20 02:00:00,Merchant_B,Visa
TX0460,1057.0325693257455,2025-01-20 03:00:00,Merchant_C,Visa
TX0461,4990.722287062034,2025-01-20 04:00:00,Merchant_B,AmEx
TX0462,3857.3499978259756,2025-01-20 05:00:00,Merchant_C,AmEx
TX0463,8659.543450571327,2025-01-20 06:00:00,Merchant_D,AmEx
TX0464,4764.917632806442,2025-01-20 07:00:00,Merchant_D,MasterCard
TX0465,1118.6654706056295,2025-01-20 08:00:00,Merchant_A,AmEx
TX0466,6347.89721141297,2025-01-20 09:00:00,Merchant_C,Visa
TX0467,7710.098376456159,2025-01-20 10:00:00,Merchant_B,MasterCard
TX0468,38.78370413948978,2025-01-20 11:00:00,Merchant_B,Visa
TX0469,8590.977287352089,2025-01-20 12:00:00,Merchant_C,Visa
TX0470,1868.3697700565997,2025-01-20 13:00:00,Merchant_B,AmEx
TX0471,5525.172952887245,2025-01-20 14:00:00,Merchant_D,AmEx
TX0472,4163.817031867627,2025-01-20 15:00:00,Merchant_B,Visa
TX0473,7199.341627939199,2025-01-20 16:00:00,Merchant_A,Visa
TX0474,3717.904531709561,2025-01-20 17:00:00,Merchant_D,MasterCard
TX0475,8698.934135050291,2025-01-20 18:00:00,Merchant_D,AmEx
TX0476,7307.658645978315,2025-01-20 19:00:00,Merchant_D,MasterCard
TX0477,6480.654578918586,2025-01-20 20:00:00,Merchant_C,MasterCard
TX0478,7964.443549672915,2025-01-20 21:00:00,Merchant_C,MasterCard
TX0479,7542.690118934539,2025-01-20 22:00:00,Merchant_D,Visa
TX0480,369.02736246631787,2025-01-20 23:00:00,Merchant_C,MasterCard
TX0481,3953.396194909833,2025-01-21 00:00:00,Merchant_B,MasterCard
TX0482,9308.764900191733,2025-01-21 01:00:00,Merchant_C,Visa
TX0483,1265.98544723234,2025-01-21 02:00:00,Merchant_C,AmEx
TX0484,7373.594538816192,2025-01-21 03:00:00,Merchant_D,AmEx
TX0485,9746.172195239944,2025-01-21 04:00:00,Merchant_A,MasterCard
TX0486,531.4643041592666,2025-01-21 05:00:00,Merchant_A,Visa
TX0487,6825.116867459838,2025-01-21 06:00:00,Merchant_A,AmEx
TX0488,4686.859871597294,2025-01-21 07:00:00,Merchant_B,MasterCard
TX0489,5795.960801193474,2025-01-21 08:00:00,Merchant_C,MasterCard
TX0490,862.5599514784052,2025-01-21 09:00:00,Merchant_A,Visa
TX0491,439.6394491507254,2025-01-21 10:00:00,Merchant_D,MasterCard
TX0492,6671.997938903708,2025-01-21 11:00:00,Merchant_A,AmEx
TX0493,8234.861203908971,2025-01-21 12:00:00,Merchant_A,Visa
TX0494,7822.333195980343,2025-01-21 13:00:00,Merchant_C,AmEx
TX0495,5442.619221383711,2025-01-21 14:00:00,Merchant_C,AmEx
TX0496,1007.6695431504199,2025-01-21 15:00:00,Merchant_C,AmEx
TX0497,6883.563993921778,2025-01-21 16:00:00,Merchant_B,MasterCard
TX0498,2426.469946705918,2025-01-21 17:00:00,Merchant_B,MasterCard
TX0499,9111.576340646163,2025-01-21 18:00:00,Merchant_A,AmEx
TX0500,8384.270941861592,2025-01-21 19:00:00,Merchant_C,AmEx
TX0501,7096.735841203035,2025-01-21 20:00:00,Merchant_A,Visa
TX0502,9488.971098752992,2025-01-21 21:00:00,Merchant_D,Visa
TX0503,323.90399689761654,2025-01-21 22:00:00,Merchant_D,MasterCard
TX0504,7364.6422463570125,2025-01-21 23:00:00,Merchant_C,MasterCard
TX0505,3309.125365570689,2025-01-22 00:00:00,Merchant_C,Visa
TX0506,9061.598198006788,2025-01-22 01:00:00,Merchant_D,AmEx
TX0507,2674.085214653156,2025-01-22 02:00:00,Merchant_C,MasterCard
TX0508,7251.316428157021,2025-01-22 03:00:00,Merchant_B,AmEx
TX0509,8777.693726311307,2025-01-22 04:00:00,Merchant_B,Visa
TX0510,426.15161564299746,2025-01-22 05:00:00,Merchant_C,MasterCard
TX0511,3982.4993201244406,2025-01-22 06:00:00,Merchant_D,MasterCard
TX0512,7625.467229899167,2025-01-22 07:00:00,Merchant_A,Visa
TX0513,4554.639706180795,2025-01-22 08:00:00,Merchant_C,MasterCard
TX0514,2679.8537716380174,2025-01-22 09:00:00,Merchant_C,Visa
TX0515,2205.8554347436684,2025-01-22 10:00:00,Merchant_A,MasterCard
TX0516,1323.8674864946154,2025-01-22 11:00:00,Merchant_C,Visa
TX0517,8572.72430296426,2025-01-22 12:00:00,Merchant_A,MasterCard
TX0518,5757.800478483045,2025-01-22 13:00:00,Merchant_D,AmEx
TX0519,773.0856004646453,2025-01-22 14:00:00,Merchant_B,AmEx
TX0520,3831.9774324706477,2025-01-22 15:00:00,Merchant_D,AmEx
TX0521,3683.6591715430477,2025-01-22 16:00:00,Merchant_B,MasterCard
TX0522,1825.574515187535,2025-01-22 17:00:00,Merchant_A,MasterCard
TX0523,4360.721178467185,2025-01-22 18:00:00,Merchant_B,AmEx
TX0524,3327.672660277433,2025-01-22 19:00:00,Merchant_D,AmEx
TX0525,3424.6190178669035,2025-01-22 20:00:00,Merchant_B,Visa
TX0526,7392.875312301707,2025-01-22 21:00:00,Merchant_A,Visa
TX0527,2240.401221196911,2025-01-22 22:00:00,Merchant_B,Visa
TX0528,6422.180988965,2025-01-22 23:00:00,Merchant_C,AmEx
TX0529,5710.78974257054,2025-01-23 00:00:00,Merchant_D,AmEx
TX0530,5685.244198255295,2025-01-23 01:00:00,Merchant_C,AmEx
TX0531,6633.443387956341,2025-01-23 02:00:00,Merchant_A,Visa
TX0532,5488.336541594583,2025-01-23 03:00:00,Merchant_B,MasterCard
TX0533,8793.758597315382,2025-01-23 04:00:00,Merchant_C,AmEx
TX0534,6759.045118583095,2025-01-23 05:00:00,Merchant_C,MasterCard
TX0535,5474.162881200167,2025-01-23 06:00:00,Merchant_B,MasterCard
TX0536,8299.333571673573,2025-01-23 07:00:00,Merchant_B,MasterCard
TX0537,6065.404183685462,2025-01-23 08:00:00,Merchant_D,Visa
TX0538,2918.5310353739383,2025-01-23 09:00:00,Merchant_C,MasterCard
TX0539,2078.8782325839466,2025-01-23 10:00:00,Merchant_C,AmEx
TX0540,1531.754578770161,2025-01-23 11:00:00,Merchant_A,Visa
TX0541,8995.557573335554,2025-01-23 12:00:00,Merchant_D,AmEx
TX0542,7104.252963662678,2025-01-23 13:00:00,Merchant_A,AmEx
TX0543,9374.410597261565,2025-01-23 14:00:00,Merchant_C,Visa
TX0544,6036.885139092281,2025-01-23 15:00:00,Merchant_A,AmEx
TX0545,4739.274806134176,2025-01-23 16:00:00,Merchant_C,AmEx
TX0546,606.5677248191844,2025-01-23 17:00:00,Merchant_C,Visa
TX0547,6719.706392644837,2025-01-23 18:00:00,Merchant_A,AmEx
TX0548,5826.26551008463,2025-01-23 19:00:00,Merchant_A,MasterCard
TX0549,9902.186846940338,2025-01-23 20:00:00,Merchant_B,AmEx
TX0550,2399.196190044608,2025-01-23 21:00:00,Merchant_B,MasterCard
TX0551,5312.06617931549,2025-01-23 22:00:00,Merchant_B,AmEx
TX0552,6513.063777829546,2025-01-23 23:00:00,Merchant_C,Visa
TX0553,6449.465835676013,2025-01-24 00:00:00,Merchant_A,Visa
TX0554,5617.322494054543,2025-01-24 01:00:00,Merchant_D,AmEx
TX0555,7771.510823168983,2025-01-24 02:00:00,Merchant_C,Visa
TX0556,2057.762283172896,2025-01-24 03:00:00,Merchant_D,AmEx
TX0557,7259.015730741415,2025-01-24 04:00:00,Merchant_A,Visa
TX0558,6201.148368616561,2025-01-24 05:00:00,Merchant_C,MasterCard
TX0559,8961.790366827787,2025-01-24 06:00:00,Merchant_D,AmEx
TX0560,8473.472445945481,2025-01-24 07:00:00,Merchant_D,MasterCard
TX0561,3158.318920934207,2025-01-24 08:00:00,Merchant_B,MasterCard
TX0562,2769.6108765017793,2025-01-24 09:00:00,Merchant_B,AmEx
TX0563,9816.716705285955,2025-01-24 10:00:00,Merchant_B,MasterCard
TX0564,5277.379157343413,2025-01-24 11:00:00,Merchant_C,AmEx
TX0565,9065.145429505224,2025-01-24 12:00:00,Merchant_A,MasterCard
TX0566,1647.1714275670172,2025-01-24 13:00:00,Merchant_A,AmEx
TX0567,6431.760958853741,2025-01-24 14:00:00,Merchant_B,AmEx
TX0568,8100.503271732256,2025-01-24 15:00:00,Merchant_B,Visa
TX0569,9474.478543368605,2025-01-24 16:00:00,Merchant_B,AmEx
TX0570,3380.0280087600645,2025-01-24 17:00:00,Merchant_D,AmEx
TX0571,7252.561887541285,2025-01-24 18:00:00,Merchant_B,MasterCard
TX0572,5392.741960305794,2025-01-24 19:00:00,Merchant_D,AmEx
TX0573,615.6829714040173,2025-01-24 20:00:00,Merchant_A,Visa
TX0574,6903.097375716345,2025-01-24 21:00:00,Merchant_C,MasterCard
TX0575,6904.064616796056,2025-01-24 22:00:00,Merchant_C,MasterCard
TX0576,9306.761980416904,2025-01-24 23:00:00,Merchant_C,Visa
TX0577,4978.151337228034,2025-01-25 00:00:00,Merchant_C,MasterCard
TX0578,2310.2066978980415,2025-01-25 01:00:00,Merchant_D,MasterCard
TX0579,455.1925962523047,2025-01-25 02:00:00,Merchant_D,MasterCard
TX0580,4162.265444992197,2025-01-25 03:00:00,Merchant_B,MasterCard
TX0581,3026.1478337742433,2025-01-25 04:00:00,Merchant_D,Visa
TX0582,7613.272177178517,2025-01-25 05:00:00,Merchant_B,Visa
TX0583,3549.1349707620557,2025-01-25 06:00:00,Merchant_B,MasterCard
TX0584,9491.22125118529,2025-01-25 07:00:00,Merchant_C,MasterCard
TX0585,9623.478927847964,2025-01-25 08:00:00,Merchant_D,Visa
TX0586,6212.876816274904,2025-01-25 09:00:00,Merchant_D,Visa
TX0587,9287.31626727868,2025-01-25 10:00:00,Merchant_B,Visa
TX0588,7610.934901699811,2025-01-25 11:00:00,Merchant_B,MasterCard
TX0589,5473.127813341511,2025-01-25 12:00:00,Merchant_A,MasterCard
TX0590,1811.2762748735533,2025-01-25 13:00:00,Merchant_A,AmEx
TX0591,4591.393455703262,2025-01-25 14:00:00,Merchant_B,Visa
TX0592,5613.13588899255,2025-01-25 15:00:00,Merchant_A,MasterCard
TX0593,8640.976191542752,2025-01-25 16:00:00,Merchant_A,Visa
TX0594,4818.520431591292,2025-01-25 17:00:00,Merchant_B,MasterCard
TX0595,8977.769980052786,2025-01-25 18:00:00,Merchant_B,Visa
TX0596,6746.746300444454,2025-01-25 19:00:00,Merchant_D,MasterCard
TX0597,1378.620639906177,2025-01-25 20:00:00,Merchant_B,AmEx
TX0598,9949.863879557679,2025-01-25 21:00:00,Merchant_B,AmEx
TX0599,5277.054280931587,2025-01-25 22:00:00,Merchant_C,Visa
TX0600,3924.664381126698,2025-01-25 23:00:00,Merchant_D,MasterCard
TX0601,6594.54650705057,2025-01-26 00:00:00,Merchant_D,MasterCard
TX0602,1097.8442066705804,2025-01-26 01:00:00,Merchant_D,Visa
TX0603,6369.02108106601,2025-01-26 02:00:00,Merchant_C,MasterCard
TX0604,4987.377644987737,2025-01-26 03:00:00,Merchant_B,Visa
TX0605,4072.6739592858453,2025-01-26 04:00:00,Merchant_D,MasterCard
TX0606,9530.670011577202,2025-01-26 05:00:00,Merchant_D,Visa
TX0607,5230.171770153212,2025-01-26 06:00:00,Merchant_A,MasterCard
TX0608,2198.983619904685,2025-01-26 07:00:00,Merchant_D,Visa
TX0609,4595.045158979214,2025-01-26 08:00:00,Merchant_B,MasterCard
TX0610,9194.680171681,2025-01-26 09:00:00,Merchant_B,AmEx
TX0611,1769.1937585926407,2025-01-26 10:00:00,Merchant_A,MasterCard
TX0612,2147.430816495487,2025-01-26 11:00:00,Merchant_D,Visa
TX0613,140.16538189326664,2025-01-26 12:00:00,Merchant_D,AmEx
TX0614,151.7585934637141,2025-01-26 13:00:00,Merchant_D,MasterCard
TX0615,8295.62235331554,2025-01-26 14:00:00,Merchant_C,AmEx
TX0616,7323.904842361128,2025-01-26 15:00:00,Merchant_D,MasterCard
TX0617,3556.860153955063,2025-01-26 16:00:00,Merchant_B,AmEx
TX0618,6986.128460703452,2025-01-26 17:00:00,Merchant_B,Visa
TX0619,3958.1072038366024,2025-01-26 18:00:00,Merchant_C,MasterCard
TX0620,9529.438992018297,2025-01-26 19:00:00,Merchant_C,MasterCard
TX0621,9670.856287446088,2025-01-26 20:00:00,Merchant_D,Visa
TX0622,3934.0098203353405,2025-01-26 21:00:00,Merchant_A,AmEx
TX0623,8543.676844345271,2025-01-26 22:00:00,Merchant_C,Visa
TX0624,7733.159526557687,2025-01-26 23:00:00,Merchant_C,Visa
TX0625,3106.8993723461754,2025-01-27 00:00:00,Merchant_D,AmEx
TX0626,2328.077890722049,2025-01-27 01:00:00,Merchant_D,Visa
TX0627,4587.76415742441,2025-01-27 02:00:00,Merchant_C,MasterCard
TX0628,7815.674917737918,2025-01-27 03:00:00,Merchant_A,MasterCard
TX0629,9602.076169440166,2025-01-27 04:00:00,Merchant_C,MasterCard
TX0630,7638.15489797706,2025-01-27 05:00:00,Merchant_D,Visa
TX0631,8553.517780333515,2025-01-27 06:00:00,Merchant_D,MasterCard
TX0632,6034.61241864346,2025-01-27 07:00:00,Merchant_C,MasterCard
TX0633,8355.724230112837,2025-01-27 08:00:00,Merchant_A,MasterCard
TX0634,7846.364371454142,2025-01-27 09:00:00,Merchant_C,MasterCard
TX0635,3776.0855638435382,2025-01-27 10:00:00,Merchant_C,MasterCard
TX0636,5524.383118186003,2025-01-27 11:00:00,Merchant_D,MasterCard
TX0637,8049.483688677052,2025-01-27 12:00:00,Merchant_A,Visa
TX0638,470.10677455766415,2025-01-27 13:00:00,Merchant_B,MasterCard
TX0639,8082.712030734741,2025-01-27 14:00:00,Merchant_A,MasterCard
TX0640,1787.102359249744,2025-01-27 15:00:00,Merchant_C,AmEx
TX0641,5151.689335043176,2025-01-27 16:00:00,Merchant_C,Visa
TX0642,8084.671641163817,2025-01-27 17:00:00,Merchant_C,Visa
TX0643,2545.6725707853816,2025-01-27 18:00:00,Merchant_A,Visa
TX0644,2465.6163186684685,2025-01-27 19:00:00,Merchant_D,Visa
TX0645,4033.616340637896,2025-01-27 20:00:00,Merchant_C,MasterCard
TX0646,8947.48154780057,2025-01-27 21:00:00,Merchant_C,MasterCard
TX0647,14.423386557706763,2025-01-27 22:00:00,Merchant_A,AmEx
TX0648,9014.81713545293,2025-01-27 23:00:00,Merchant_B,AmEx
TX0649,1546.5321761696616,2025-01-28 00:00:00,Merchant_B,Visa
TX0650,9900.962896914145,2025-01-28 01:00:00,Merchant_D,AmEx
TX0651,9548.921460454296,2025-01-28 02:00:00,Merchant_D,AmEx
TX0652,4951.80514401692,2025-01-28 03:00:00,Merchant_C,Visa
TX0653,5132.075275648155,2025-01-28 04:00:00,Merchant_A,Visa
TX0654,4820.677909355784,2025-01-28 05:00:00,Merchant_C,AmEx
TX0655,6358.0820201386305,2025-01-28 06:00:00,Merchant_D,MasterCard
TX0656,916.309805326961,2025-01-28 07:00:00,Merchant_A,AmEx
TX0657,335.8533039322494,2025-01-28 08:00:00,Merchant_A,AmEx
TX0658,586.4522548748296,2025-01-28 09:00:00,Merchant_D,MasterCard
TX0659,4449.2098389227285,2025-01-28 10:00:00,Merchant_B,MasterCard
TX0660,2762.723912802639,2025-01-28 11:00:00,Merchant_B,Visa
TX0661,6224.175228086227,2025-01-28 12:00:00,Merchant_A,Visa
TX0662,9924.498470854041,2025-01-28 13:00:00,Merchant_C,AmEx
TX0663,3869.3684990338943,2025-01-28 14:00:00,Merchant_B,MasterCard
TX0664,5742.674128504089,2025-01-28 15:00:00,Merchant_C,Visa
TX0665,4161.882920114282,2025-01-28 16:00:00,Merchant_B,AmEx
TX0666,8474.243960541375,2025-01-28 17:00:00,Merchant_B,MasterCard
TX0667,9023.341670587759,2025-01-28 18:00:00,Merchant_C,AmEx
TX0668,8774.782565930547,2025-01-28 19:00:00,Merchant_D,Visa
TX0669,9743.978664405784,2025-01-28 20:00:00,Merchant_B,Visa
TX0670,284.91665955274874,2025-01-28 21:00:00,Merchant_B,MasterCard
TX0671,8399.763459833855,2025-01-28 22:00:00,Merchant_C,AmEx
TX0672,7520.204008660542,2025-01-28 23:00:00,Merchant_D,MasterCard
TX0673,2294.657149909644,2025-01-29 00:00:00,Merchant_B,Visa
TX0674,9563.6377329414,2025-01-29 01:00:00,Merchant_B,Visa
TX0675,1490.2975030171551,2025-01-29 02:00:00,Merchant_D,AmEx
TX0676,6798.7037720677445,2025-01-29 03:00:00,Merchant_B,AmEx
TX0677,2256.653265990966,2025-01-29 04:00:00,Merchant_D,AmEx
TX0678,4319.492681253006,2025-01-29 05:00:00,Merchant_D,MasterCard
TX0679,7194.407370476244,2025-01-29 06:00:00,Merchant_C,AmEx
TX0680,5637.6131739101365,2025-01-29 07:00:00,Merchant_A,AmEx
TX0681,4280.743294967836,2025-01-29 08:00:00,Merchant_D,Visa
TX0682,3270.120925010552,2025-01-29 09:00:00,Merchant_C,Visa
TX0683,8398.199960530816,2025-01-29 10:00:00,Merchant_A,AmEx
TX0684,1446.705359644989,2025-01-29 11:00:00,Merchant_B,AmEx
TX0685,4306.727736532703,2025-01-29 12:00:00,Merchant_A,Visa
TX0686,9038.53814203367,2025-01-29 13:00:00,Merchant_D,AmEx
TX0687,8460.037009095076,2025-01-29 14:00:00,Merchant_D,MasterCard
TX0688,4015.4082071057364,2025-01-29 15:00:00,Merchant_D,MasterCard
TX0689,7633.45255237707,2025-01-29 16:00:00,Merchant_D,MasterCard
TX0690,8233.376698781503,2025-01-29 17:00:00,Merchant_D,AmEx
TX0691,8889.985365796261,2025-01-29 18:00:00,Merchant_C,Visa
TX0692,5449.612632801787,2025-01-29 19:00:00,Merchant_D,AmEx
TX0693,2052.564251686571,2025-01-29 20:00:00,Merchant_C,AmEx
TX0694,2560.537674274277,2025-01-29 21:00:00,Merchant_B,Visa
TX0695,2963.989793675626,2025-01-29 22:00:00,Merchant_D,Visa
TX0696,5942.0867832880585,2025-01-29 23:00:00,Merchant_D,Visa
TX0697,337.7681450447983,2025-01-30 00:00:00,Merchant_A,MasterCard
TX0698,6364.0642631118835,2025-01-30 01:00:00,Merchant_B,AmEx
TX0699,3649.8988418980375,2025-01-30 02:00:00,Merchant_D,Visa
TX0700,2959.4656068715253,2025-01-30 03:00:00,Merchant_D,AmEx
TX0701,8796.170741573982,2025-01-30 04:00:00,Merchant_B,MasterCard
TX0702,4605.423931852181,2025-01-30 05:00:00,Merchant_C,MasterCard
TX0703,959.5799248716008,2025-01-30 06:00:00,Merchant_D,Visa
TX0704,8269.200212582207,2025-01-30 07:00:00,Merchant_A,Visa
TX0705,485.93616179070096,2025-01-30 08:00:00,Merchant_D,AmEx
TX0706,7270.2247494402845,2025-01-30 09:00:00,Merchant_A,Visa
TX0707,7741.323155488944,2025-01-30 10:00:00,Merchant_A,AmEx
TX0708,3532.500033229293,2025-01-30 11:00:00,Merchant_D,Visa
TX0709,8249.63068421509,2025-01-30 12:00:00,Merchant_D,AmEx
TX0710,5161.43746450597,2025-01-30 13:00:00,Merchant_A,AmEx
TX0711,4638.30359619524,2025-01-30 14:00:00,Merchant_B,AmEx
TX0712,463.57878187223855,2025-01-30 15:00:00,Merchant_B,AmEx
TX0713,2907.3916445525697,2025-01-30 16:00:00,Merchant_D,MasterCard
TX0714,9310.789609144145,2025-01-30 17:00:00,Merchant_C,AmEx
TX0715,3924.321393202165,2025-01-30 18:00:00,Merchant_B,Visa
TX0716,5471.538200362115,2025-01-30 19:00:00,Merchant_D,MasterCard
TX0717,5324.896573052675,2025-01-30 20:00:00,Merchant_B,MasterCard
TX0718,5908.406587328706,2025-01-30 21:00:00,Merchant_C,AmEx
TX0719,622.6962468763933,2025-01-30 22:00:00,Merchant_D,MasterCard
TX0720,3628.1407854392955,2025-01-30 23:00:00,Merchant_C,AmEx
TX0721,7234.051456086716,2025-01-31 00:00:00,Merchant_D,Visa
TX0722,2013.5969082190993,2025-01-31 01:00:00,Merchant_C,AmEx
TX0723,2043.7479916881407,2025-01-31 02:00:00,Merchant_B,MasterCard
TX0724,110.80516082335703,2025-01-31 03:00:00,Merchant_B,Visa
TX0725,4380.444446816015,2025-01-31 04:00:00,Merchant_C,AmEx
TX0726,8828.516462927486,2025-01-31 05:00:00,Merchant_C,Visa
TX0727,528.490426437217,2025-01-31 06:00:00,Merchant_C,Visa
TX0728,1919.2759078650663,2025-01-31 07:00:00,Merchant_D,MasterCard
TX0729,3107.744538044123,2025-01-31 08:00:00,Merchant_B,Visa
TX0730,7319.930118276487,2025-01-31 09:00:00,Merchant_D,MasterCard
TX0731,6409.949572097839,2025-01-31 10:00:00,Merchant_B,Visa
TX0732,4165.279606772732,2025-01-31 11:00:00,Merchant_A,AmEx
TX0733,7593.098703191174,2025-01-31 12:00:00,Merchant_D,Visa
TX0734,6100.213806452451,2025-01-31 13:00:00,Merchant_B,AmEx
TX0735,8961.447588575618,2025-01-31 14:00:00,Merchant_B,AmEx
TX0736,8182.0872238955435,2025-01-31 15:00:00,Merchant_D,Visa
TX0737,2535.6079248311135,2025-01-31 16:00:00,Merchant_D,AmEx
TX0738,2721.67139056566,2025-01-31 17:00:00,Merchant_B,Visa
TX0739,1262.3111931659323,2025-01-31 18:00:00,Merchant_D,Visa
TX0740,3376.2776099173907,2025-01-31 19:00:00,Merchant_C,AmEx
TX0741,9995.443748003752,2025-01-31 20:00:00,Merchant_D,AmEx
TX0742,4063.4541744644594,2025-01-31 21:00:00,Merchant_D,MasterCard
TX0743,2212.679462544173,2025-01-31 22:00:00,Merchant_D,AmEx
TX0744,7627.204015910775,2025-01-31 23:00:00,Merchant_B,MasterCard
TX0745,5429.285324591934,2025-02-01 00:00:00,Merchant_C,AmEx
TX0746,1504.5184807742557,2025-02-01 01:00:00,Merchant_A,Visa
TX0747,3813.089914797049,2025-02-01 02:00:00,Merchant_A,AmEx
TX0748,4150.552458238039,2025-02-01 03:00:00,Merchant_C,Visa
TX0749,7540.758708686494,2025-02-01 04:00:00,Merchant_C,Visa
TX0750,216.5069752301256,2025-02-01 05:00:00,Merchant_C,Visa
TX0751,2697.5062715151216,2025-02-01 06:00:00,Merchant_B,MasterCard
TX0752,5180.787050142065,2025-02-01 07:00:00,Merchant_A,AmEx
TX0753,2695.778957103905,2025-02-01 08:00:00,Merchant_C,Visa
TX0754,6288.056133715799,2025-02-01 09:00:00,Merchant_B,Visa
TX0755,4823.85611795342,2025-02-01 10:00:00,Merchant_A,MasterCard
TX0756,3623.4854460472106,2025-02-01 11:00:00,Merchant_D,AmEx
TX0757,9492.594182436416,2025-02-01 12:00:00,Merchant_B,AmEx
TX0758,6325.27339687271,2025-02-01 13:00:00,Merchant_A,MasterCard
TX0759,1308.1143089567329,2025-02-01 14:00:00,Merchant_B,MasterCard
TX0760,5605.316057459521,2025-02-01 15:00:00,Merchant_A,AmEx
TX0761,7809.511213477001,2025-02-01 16:00:00,Merchant_A,MasterCard
TX0762,7087.812077953045,2025-02-01 17:00:00,Merchant_D,AmEx
TX0763,1729.1714006596412,2025-02-01 18:00:00,Merchant_B,AmEx
TX0764,9724.475790410632,2025-02-01 19:00:00,Merchant_C,Visa
TX0765,4493.6483210085935,2025-02-01 20:00:00,Merchant_D,Visa
TX0766,1598.6597873652104,2025-02-01 21:00:00,Merchant_D,AmEx
TX0767,1810.1555837401977,2025-02-01 22:00:00,Merchant_A,AmEx
TX0768,991.3675719689141,2025-02-01 23:00:00,Merchant_C,AmEx
TX0769,8037.145903264994,2025-02-02 00:00:00,Merchant_B,AmEx
TX0770,1229.084638275268,2025-02-02 01:00:00,Merchant_C,AmEx
TX0771,1260.0013188460518,2025-02-02 02:00:00,Merchant_C,AmEx
TX0772,8506.211431460768,2025-02-02 03:00:00,Merchant_C,MasterCard
TX0773,3452.5948036311206,2025-02-02 04:00:00,Merchant_C,AmEx
TX0774,318.27046403764376,2025-02-02 05:00:00,Merchant_C,MasterCard
TX0775,528.4340421889246,2025-02-02 06:00:00,Merchant_A,MasterCard
TX0776,1430.2827625719167,2025-02-02 07:00:00,Merchant_A,AmEx
TX0777,2141.7995462771387,2025-02-02 08:00:00,Merchant_D,AmEx
TX0778,6654.81048044167,2025-02-02 09:00:00,Merchant_A,MasterCard
TX0779,1581.6895372182641,2025-02-02 10:00:00,Merchant_D,MasterCard
TX0780,1197.5551678589493,2025-02-02 11:00:00,Merchant_D,AmEx
TX0781,7649.544223348029,2025-02-02 12:00:00,Merchant_B,AmEx
TX0782,6713.842285760545,2025-02-02 13:00:00,Merchant_C,MasterCard
TX0783,4358.88897233781,2025-02-02 14:00:00,Merchant_A,MasterCard
TX0784,5497.604617086238,2025-02-02 15:00:00,Merchant_B,MasterCard
TX0785,3126.7203630609206,2025-02-02 16:00:00,Merchant_A,Visa
TX0786,4830.179198151253,2025-02-02 17:00:00,Merchant_D,MasterCard
TX0787,5071.6597633376305,2025-02-02 18:00:00,Merchant_A,Visa
TX0788,3878.500339069178,2025-02-02 19:00:00,Merchant_C,AmEx
TX0789,9066.656384614906,2025-02-02 20:00:00,Merchant_D,AmEx
TX0790,170.4580311602514,2025-02-02 21:00:00,Merchant_D,MasterCard
TX0791,7823.89091828155,2025-02-02 22:00:00,Merchant_B,AmEx
TX0792,1252.58448410083,2025-02-02 23:00:00,Merchant_C,AmEx
TX0793,7977.4981317666225,2025-02-03 00:00:00,Merchant_D,AmEx
TX0794,6162.9600376104445,2025-02-03 01:00:00,Merchant_C,AmEx
TX0795,8434.34812845466,2025-02-03 02:00:00,Merchant_A,Visa
TX0796,984.1681131525656,2025-02-03 03:00:00,Merchant_C,Visa
TX0797,5594.216534656743,2025-02-03 04:00:00,Merchant_D,MasterCard
TX0798,5015.867923819349,2025-02-03 05:00:00,Merchant_B,MasterCard
TX0799,7064.869897803953,2025-02-03 06:00:00,Merchant_D,MasterCard
TX0800,5347.562613417821,2025-02-03 07:00:00,Merchant_C,AmEx
TX0801,5411.938325659711,2025-02-03 08:00:00,Merchant_C,AmEx
TX0802,4301.663476324886,2025-02-03 09:00:00,Merchant_D,Visa
TX0803,3095.255895833335,2025-02-03 10:00:00,Merchant_C,Visa
TX0804,4827.8209689094,2025-02-03 11:00:00,Merchant_A,MasterCard
TX0805,1193.7386640963218,2025-02-03 12:00:00,Merchant_D,Visa
TX0806,9615.518256441017,2025-02-03 13:00:00,Merchant_B,Visa
TX0807,7146.963528629717,2025-02-03 14:00:00,Merchant_D,Visa
TX0808,9525.14649571159,2025-02-03 15:00:00,Merchant_A,Visa
TX0809,2275.006549476333,2025-02-03 16:00:00,Merchant_A,Visa
TX0810,8794.616791563516,2025-02-03 17:00:00,Merchant_A,MasterCard
TX0811,8089.811945789749,2025-02-03 18:00:00,Merchant_A,MasterCard
TX0812,6774.75260045216,2025-02-03 19:00:00,Merchant_A,Visa
TX0813,6254.041568991205,2025-02-03 20:00:00,Merchant_B,MasterCard
TX0814,3172.3311560260213,2025-02-03 21:00:00,Merchant_C,AmEx
TX0815,8165.943741800657,2025-02-03 22:00:00,Merchant_A,Visa
TX0816,5020.1394601825405,2025-02-03 23:00:00,Merchant_A,AmEx
TX0817,718.2068431539408,2025-02-04 00:00:00,Merchant_D,MasterCard
TX0818,3135.502976942749,2025-02-04 01:00:00,Merchant_B,MasterCard
TX0819,9353.618014467822,2025-02-04 02:00:00,Merchant_B,AmEx
TX0820,8508.295803442414,2025-02-04 03:00:00,Merchant_C,MasterCard
TX0821,9819.237923784625,2025-02-04 04:00:00,Merchant_B,Visa
TX0822,6283.65389221494,2025-02-04 05:00:00,Merchant_D,AmEx
TX0823,2482.6256306727155,2025-02-04 06:00:00,Merchant_D,Visa
TX0824,1636.522346271869,2025-02-04 07:00:00,Merchant_C,AmEx
TX0825,1877.2752616785317,2025-02-04 08:00:00,Merchant_D,MasterCard
TX0826,207.7586268890713,2025-02-04 09:00:00,Merchant_A,AmEx
TX0827,3912.9142887495327,2025-02-04 10:00:00,Merchant_A,AmEx
TX0828,1922.3625281904297,2025-02-04 11:00:00,Merchant_D,Visa
TX0829,4122.438049962458,2025-02-04 12:00:00,Merchant_C,MasterCard
TX0830,9350.594374069266,2025-02-04 13:00:00,Merchant_B,Visa
TX0831,4311.096692976827,2025-02-04 14:00:00,Merchant_C,MasterCard
TX0832,8781.0651248785,2025-02-04 15:00:00,Merchant_B,Visa
TX0833,6058.992618492606,2025-02-04 16:00:00,Merchant_D,AmEx
TX0834,2478.8442310673054,2025-02-04 17:00:00,Merchant_D,Visa
TX0835,3564.989044999522,2025-02-04 18:00:00,Merchant_A,MasterCard
TX0836,848.3561628560799,2025-02-04 19:00:00,Merchant_B,MasterCard
TX0837,3341.291310024145,2025-02-04 20:00:00,Merchant_C,AmEx
TX0838,6778.634045580306,2025-02-04 21:00:00,Merchant_D,MasterCard
TX0839,730.3898183650575,2025-02-04 22:00:00,Merchant_C,Visa
TX0840,2061.960070695513,2025-02-04 23:00:00,Merchant_A,AmEx
TX0841,3820.5960037189816,2025-02-05 00:00:00,Merchant_B,MasterCard
TX0842,9820.674874789465,2025-02-05 01:00:00,Merchant_B,MasterCard
TX0843,7850.769611359213,2025-02-05 02:00:00,Merchant_D,Visa
TX0844,7337.532597456117,2025-02-05 03:00:00,Merchant_B,Visa
TX0845,1170.7476556892052,2025-02-05 04:00:00,Merchant_D,AmEx
TX0846,7812.148977213765,2025-02-05 05:00:00,Merchant_A,MasterCard
TX0847,7854.835427044991,2025-02-05 06:00:00,Merchant_B,Visa
TX0848,6015.015929287039,2025-02-05 07:00:00,Merchant_D,AmEx
TX0849,9903.714202163736,2025-02-05 08:00:00,Merchant_C,MasterCard
TX0850,3259.2865201862737,2025-02-05 09:00:00,Merchant_D,MasterCard
TX0851,9413.311757936099,2025-02-05 10:00:00,Merchant_B,AmEx
TX0852,9148.16383841547,2025-02-05 11:00:00,Merchant_A,AmEx
TX0853,124.69179089628464,2025-02-05 12:00:00,Merchant_B,Visa
TX0854,4506.664099483362,2025-02-05 13:00:00,Merchant_B,MasterCard
TX0855,9771.271288185219,2025-02-05 14:00:00,Merchant_D,MasterCard
TX0856,1040.1824104566772,2025-02-05 15:00:00,Merchant_C,MasterCard
TX0857,5482.369096889362,2025-02-05 16:00:00,Merchant_B,AmEx
TX0858,9789.78549534063,2025-02-05 17:00:00,Merchant_C,Visa
TX0859,5559.399286817543,2025-02-05 18:00:00,Merchant_D,MasterCard
TX0860,1906.2548766918383,2025-02-05 19:00:00,Merchant_C,AmEx
TX0861,5826.0104686249715,2025-02-05 20:00:00,Merchant_D,MasterCard
TX0862,2052.361333755973,2025-02-05 21:00:00,Merchant_A,Visa
TX0863,5201.845586315898,2025-02-05 22:00:00,Merchant_C,MasterCard
TX0864,749.6817569443565,2025-02-05 23:00:00,Merchant_C,Visa
TX0865,6058.771865451902,2025-02-06 00:00:00,Merchant_A,Visa
TX0866,5172.7314918903,2025-02-06 01:00:00,Merchant_C,MasterCard
TX0867,7404.212073927017,2025-02-06 02:00:00,Merchant_A,MasterCard
TX0868,6310.697706876263,2025-02-06 03:00:00,Merchant_B,Visa
TX0869,5500.566622622259,2025-02-06 04:00:00,Merchant_D,AmEx
TX0870,6900.890703988731,2025-02-06 05:00:00,Merchant_A,Visa
TX0871,1447.9797165865862,2025-02-06 06:00:00,Merchant_C,MasterCard
TX0872,5957.643015973455,2025-02-06 07:00:00,Merchant_A,MasterCard
TX0873,1729.384922199549,2025-02-06 08:00:00,Merchant_C,AmEx
TX0874,9255.966856440291,2025-02-06 09:00:00,Merchant_B,Visa
TX0875,692.657707407586,2025-02-06 10:00:00,Merchant_A,Visa
TX0876,4309.443749411024,2025-02-06 11:00:00,Merchant_B,Visa
TX0877,6961.016801777894,2025-02-06 12:00:00,Merchant_D,MasterCard
TX0878,4585.641894565905,2025-02-06 13:00:00,Merchant_C,Visa
TX0879,930.0315797966945,2025-02-06 14:00:00,Merchant_C,AmEx
TX0880,5538.2563711058065,2025-02-06 15:00:00,Merchant_B,MasterCard
TX0881,6419.902769185272,2025-02-06 16:00:00,Merchant_D,MasterCard
TX0882,7040.885186795172,2025-02-06 17:00:00,Merchant_A,Visa
TX0883,3738.8655464829617,2025-02-06 18:00:00,Merchant_A,AmEx
TX0884,5640.963110577334,2025-02-06 19:00:00,Merchant_C,MasterCard
TX0885,4512.357884639742,2025-02-06 20:00:00,Merchant_B,MasterCard
TX0886,6723.839827135012,2025-02-06 21:00:00,Merchant_B,Visa
TX0887,5839.734103574937,2025-02-06 22:00:00,Merchant_A,Visa
TX0888,5262.304633395757,2025-02-06 23:00:00,Merchant_D,AmEx
TX0889,2502.7484247141037,2025-02-07 00:00:00,Merchant_D,Visa
TX0890,30.164992304856828,2025-02-07 01:00:00,Merchant_A,AmEx
TX0891,1749.0759363611783,2025-02-07 02:00:00,Merchant_A,MasterCard
TX0892,1179.489753827445,2025-02-07 03:00:00,Merchant_B,AmEx
TX0893,4496.356602659358,2025-02-07 04:00:00,Merchant_D,AmEx
TX0894,6126.458926110828,2025-02-07 05:00:00,Merchant_A,AmEx
TX0895,2138.719236761234,2025-02-07 06:00:00,Merchant_A,MasterCard
TX0896,9391.180388712199,2025-02-07 07:00:00,Merchant_C,Visa
TX0897,76.7544709466389,2025-02-07 08:00:00,Merchant_A,MasterCard
TX0898,7725.287141501775,2025-02-07 09:00:00,Merchant_A,Visa
TX0899,6255.795647609118,2025-02-07 10:00:00,Merchant_D,AmEx
TX0900,3741.8124624663424,2025-02-07 11:00:00,Merchant_B,AmEx
TX0901,514.3845546799552,2025-02-07 12:00:00,Merchant_D,AmEx
TX0902,6278.590852124951,2025-02-07 13:00:00,Merchant_B,AmEx
TX0903,3862.278993527824,2025-02-07 14:00:00,Merchant_C,AmEx
TX0904,9363.30872273806,2025-02-07 15:00:00,Merchant_A,Visa
TX0905,5424.480848148762,2025-02-07 16:00:00,Merchant_C,Visa
TX0906,9397.118597822147,2025-02-07 17:00:00,Merchant_B,AmEx
TX0907,2212.6320977983078,2025-02-07 18:00:00,Merchant_D,MasterCard
TX0908,7260.001844537392,2025-02-07 19:00:00,Merchant_D,MasterCard
TX0909,6176.3177182787695,2025-02-07 20:00:00,Merchant_C,AmEx
TX0910,7396.688216014805,2025-02-07 21:00:00,Merchant_B,Visa
TX0911,2154.5319610856427,2025-02-07 22:00:00,Merchant_C,MasterCard
TX0912,6653.295217215359,2025-02-07 23:00:00,Merchant_C,MasterCard
TX0913,4985.423526638121,2025-02-08 00:00:00,Merchant_A,MasterCard
TX0914,7430.821499314099,2025-02-08 01:00:00,Merchant_C,AmEx
TX0915,3277.1759950766595,2025-02-08 02:00:00,Merchant_A,MasterCard
TX0916,8901.669684397873,2025-02-08 03:00:00,Merchant_A,MasterCard
TX0917,852.1701329673903,2025-02-08 04:00:00,Merchant_D,MasterCard
TX0918,8073.821294723969,2025-02-08 05:00:00,Merchant_A,MasterCard
TX0919,8614.583061892758,2025-02-08 06:00:00,Merchant_A,Visa
TX0920,8174.3505905545435,2025-02-08 07:00:00,Merchant_D,AmEx
TX0921,5132.136678675142,2025-02-08 08:00:00,Merchant_C,AmEx
TX0922,4389.465950507306,2025-02-08 09:00:00,Merchant_B,Visa
TX0923,9962.66024238352,2025-02-08 10:00:00,Merchant_B,Visa
TX0924,2299.4277926294794,2025-02-08 11:00:00,Merchant_B,AmEx
TX0925,5473.290899101686,2025-02-08 12:00:00,Merchant_C,MasterCard
TX0926,6710.048498569432,2025-02-08 13:00:00,Merchant_A,MasterCard
TX0927,7011.667682255706,2025-02-08 14:00:00,Merchant_B,AmEx
TX0928,2048.2064107284014,2025-02-08 15:00:00,Merchant_C,MasterCard
TX0929,6543.4009824746145,2025-02-08 16:00:00,Merchant_A,Visa
TX0930,8185.51196914856,2025-02-08 17:00:00,Merchant_D,MasterCard
TX0931,509.685582442911,2025-02-08 18:00:00,Merchant_B,MasterCard
TX0932,9116.097720319913,2025-02-08 19:00:00,Merchant_A,MasterCard
TX0933,304.74551090060726,2025-02-08 20:00:00,Merchant_B,AmEx
TX0934,3566.1506145590597,2025-02-08 21:00:00,Merchant_B,Visa
TX0935,167.97383036729107,2025-02-08 22:00:00,Merchant_B,MasterCard
TX0936,780.6802337104228,2025-02-08 23:00:00,Merchant_A,AmEx
TX0937,9112.57116894899,2025-02-09 00:00:00,Merchant_C,MasterCard
TX0938,3555.059699154017,2025-02-09 01:00:00,Merchant_A,Visa
TX0939,4253.467588946279,2025-02-09 02:00:00,Merchant_B,MasterCard
TX0940,2161.290370011701,2025-02-09 03:00:00,Merchant_A,Visa
TX0941,5974.9867441653305,2025-02-09 04:00:00,Merchant_D,MasterCard
TX0942,5952.084114631119,2025-02-09 05:00:00,Merchant_C,Visa
TX0943,3728.28191433394,2025-02-09 06:00:00,Merchant_A,MasterCard
TX0944,3337.0183693359295,2025-02-09 07:00:00,Merchant_D,Visa
TX0945,8850.793438724073,2025-02-09 08:00:00,Merchant_C,MasterCard
TX0946,3839.0095540255916,2025-02-09 09:00:00,Merchant_D,MasterCard
TX0947,4940.074911622538,2025-02-09 10:00:00,Merchant_C,AmEx
TX0948,2840.214576625057,2025-02-09 11:00:00,Merchant_A,AmEx
TX0949,7869.827338537702,2025-02-09 12:00:00,Merchant_D,Visa
TX0950,3980.5070874219255,2025-02-09 13:00:00,Merchant_B,MasterCard
TX0951,5140.974354977802,2025-02-09 14:00:00,Merchant_D,Visa
TX0952,2541.0381288960175,2025-02-09 15:00:00,Merchant_C,AmEx
TX0953,9876.719327489105,2025-02-09 16:00:00,Merchant_A,Visa
TX0954,2922.0424518279915,2025-02-09 17:00:00,Merchant_C,Visa
TX0955,7709.717883746461,2025-02-09 18:00:00,Merchant_D,AmEx
TX0956,4280.681547064024,2025-02-09 19:00:00,Merchant_D,MasterCard
TX0957,2070.1118767905573,2025-02-09 20:00:00,Merchant_B,Visa
TX0958,7999.190452008963,2025-02-09 21:00:00,Merchant_A,AmEx
TX0959,3342.7318224001415,2025-02-09 22:00:00,Merchant_A,MasterCard
TX0960,8653.281540504133,2025-02-09 23:00:00,Merchant_D,AmEx
TX0961,9153.419277329052,2025-02-10 00:00:00,Merchant_A,Visa
TX0962,8599.640115558846,2025-02-10 01:00:00,Merchant_B,MasterCard
TX0963,359.72906891998844,2025-02-10 02:00:00,Merchant_C,MasterCard
TX0964,7875.859716601005,2025-02-10 03:00:00,Merchant_A,AmEx
TX0965,4119.281270326447,2025-02-10 04:00:00,Merchant_D,AmEx
TX0966,8738.491972620428,2025-02-10 05:00:00,Merchant_C,AmEx
TX0967,6383.16308422054,2025-02-10 06:00:00,Merchant_C,MasterCard
TX0968,8338.094910098145,2025-02-10 07:00:00,Merchant_B,MasterCard
TX0969,4999.323380969685,2025-02-10 08:00:00,Merchant_D,Visa
TX0970,5354.904790943339,2025-02-10 09:00:00,Merchant_A,MasterCard
TX0971,1452.4324450153356,2025-02-10 10:00:00,Merchant_D,Visa
TX0972,7842.0337133066605,2025-02-10 11:00:00,Merchant_C,AmEx
TX0973,4199.702220553047,2025-02-10 12:00:00,Merchant_D,AmEx
TX0974,5005.80038153311,2025-02-10 13:00:00,Merchant_A,MasterCard
TX0975,7853.126163816119,2025-02-10 14:00:00,Merchant_A,AmEx
TX0976,5992.465546793595,2025-02-10 15:00:00,Merchant_B,AmEx
TX0977,2018.9762871522478,2025-02-10 16:00:00,Merchant_A,MasterCard
TX0978,5906.424264917418,2025-02-10 17:00:00,Merchant_A,Visa
TX0979,4082.252251216761,2025-02-10 18:00:00,Merchant_D,MasterCard
TX0980,4700.560165018188,2025-02-10 19:00:00,Merchant_D,Visa
TX0981,292.8296312826512,2025-02-10 20:00:00,Merchant_C,MasterCard
TX0982,2108.1932016676533,2025-02-10 21:00:00,Merchant_B,MasterCard
TX0983,2817.5704329964724,2025-02-10 22:00:00,Merchant_D,AmEx
TX0984,7132.470478509469,2025-02-10 23:00:00,Merchant_A,MasterCard
TX0985,124.80980824817198,2025-02-11 00:00:00,Merchant_C,MasterCard
TX0986,4093.684839679029,2025-02-11 01:00:00,Merchant_D,Visa
TX0987,9241.028435553071,2025-02-11 02:00:00,Merchant_B,AmEx
TX0988,1127.6873593257471,2025-02-11 03:00:00,Merchant_B,Visa
TX0989,5169.079638303924,2025-02-11 04:00:00,Merchant_C,Visa
TX0990,7867.358600084562,2025-02-11 05:00:00,Merchant_C,AmEx
TX0991,9425.887762125965,2025-02-11 06:00:00,Merchant_C,AmEx
TX0992,7470.298628941842,2025-02-11 07:00:00,Merchant_C,AmEx
TX0993,7208.449830957617,2025-02-11 08:00:00,Merchant_C,MasterCard
TX0994,8266.616021055666,2025-02-11 09:00:00,Merchant_A,AmEx
TX0995,4467.550197565662,2025-02-11 10:00:00,Merchant_A,AmEx
TX0996,8060.386880852152,2025-02-11 11:00:00,Merchant_D,AmEx
TX0997,89.56440340705674,2025-02-11 12:00:00,Merchant_B,Visa
TX0998,9246.364943214281,2025-02-11 13:00:00,Merchant_A,Visa
TX0999,4438.632030076581,2025-02-11 14:00:00,Merchant_A,MasterCard
TX1000,5538.268076778819,2025-02-11 15:00:00,Merchant_A,Visa
